{"cameraMode":{"drawMode":0,"name":"Shaded","section":"Shading Mode"},"sceneLighting":false,"audioPlay":false,"sceneViewState":{"showFog":false,"showMaterialUpdate":false,"showSkybox":false,"showFlares":false,"showImageEffects":false,"showParticleSystems":false},"in2DMode":false,"pivot":{"x":0.1651017963886261,"y":-0.03344174474477768,"z":0.011006027460098267},"rotation":{"x":0.014217901974916458,"y":-0.8273156881332398,"z":0.02082625962793827,"w":0.561227560043335},"size":0.18256384134292603,"orthographic":false}