{"cameraMode":{"drawMode":0,"name":"Shaded","section":"Shading Mode"},"sceneLighting":true,"audioPlay":false,"sceneViewState":{"showFog":false,"showMaterialUpdate":false,"showSkybox":false,"showFlares":false,"showImageEffects":false,"showParticleSystems":false},"in2DMode":false,"pivot":{"x":1.8727331161499024,"y":0.46275949478149416,"z":0.32117632031440737},"rotation":{"x":0.07690127193927765,"y":-0.511860728263855,"z":0.04598396271467209,"w":0.8544193506240845},"size":0.12738585472106934,"orthographic":false}