{"cameraMode":{"drawMode":0,"name":"Shaded","section":"Shading Mode"},"sceneLighting":true,"audioPlay":false,"sceneViewState":{"showFog":false,"showMaterialUpdate":false,"showSkybox":false,"showFlares":false,"showImageEffects":false,"showParticleSystems":false},"in2DMode":false,"pivot":{"x":-17.393726348876954,"y":-28.501890182495118,"z":155.0487060546875},"rotation":{"x":-0.09395942091941834,"y":0.05107344686985016,"z":-0.004788036923855543,"w":-0.9942798614501953},"size":80.70545959472656,"orthographic":false}