{"cameraMode":{"drawMode":0,"name":"Shaded","section":"Shading Mode"},"sceneLighting":false,"audioPlay":false,"sceneViewState":{"showFog":false,"showMaterialUpdate":false,"showSkybox":false,"showFlares":false,"showImageEffects":false,"showParticleSystems":false},"in2DMode":false,"pivot":{"x":2.60770320892334e-8,"y":0.1654655933380127,"z":0.0},"rotation":{"x":0.030207928270101548,"y":-0.9232136011123657,"z":0.37595075368881228,"w":0.07405649125576019},"size":0.1825634241104126,"orthographic":false}